{
  "loss": 0.285533581783897,
  "accuracy": 0.9251315593719482,
  "macro_f1": 0.9250414930116069
}