{
  "loss": 0.2785970948871813,
  "accuracy": 0.9230263233184814,
  "macro_f1": 0.9229312820838904
}