{
  "loss": 0.29386324330380087,
  "accuracy": 0.9231578707695007,
  "macro_f1": 0.9229798725059275
}