{
  "loss": 0.2813298818312193,
  "accuracy": 0.9246052503585815,
  "macro_f1": 0.9244912682450732
}