{
  "loss": 0.2763535198255589,
  "accuracy": 0.9200000166893005,
  "macro_f1": 0.919709483162032
}