model,fold_best_valid_f1_mean,fold_best_valid_f1_std,fold_best_values
BERT-base scratch5,0.926151,0.001225,0.925773 0.924746 0.926587 0.928006 0.925645
DPCNN5-b5,0.922543,0.000940,0.921995 0.923375 0.921589 0.923717 0.922039
TextCNN5-wide,0.921901,0.001525,0.920860 0.921529 0.920474 0.924323 0.922320
